<?xml version="1.0" encoding="UTF-8"?>
<extentreports>
  <configuration>
    <!-- report theme --> <!-- standard, dark -->
    <theme>dark</theme>
  
    <!-- document encoding -->  <!-- defaults to UTF-8 -->
    <encoding>UTF-8</encoding>
    
    <!-- protocol for script and stylesheets -->   <!-- defaults to https -->
    <protocol>https</protocol>
    
    <!-- enable or disable timeline on dashboard -->
        <enableTimeline>true</enableTimeline>
    
    <!-- title of the document -->
    <documentTitle>Madelyne Automation</documentTitle>
    
    <!-- report name - displayed at top-nav -->
    <reportName>Tempo App Report</reportName>
    
    <!-- global date format override -->  <!-- defaults to yyyy-MM-dd -->
    <dateFormat>yyyy-MM-dd</dateFormat>
    
    <!-- global time format override -->   <!-- defaults to HH:mm:ss -->
    <timeFormat>HH:mm:ss</timeFormat>
    <!-- settings to enable/disable views -->
<enableCategoryView>true</enableCategoryView>
<enableAuthorView>false</enableAuthorView>
<enableExceptionView>true</enableExceptionView>
<enableTestRunnerLogsView>true</enableTestRunnerLogsView>

<enableTimeline>true</enableTimeline>

    <!-- custom javascript -->
    <scripts>
      <![CDATA[
        $(document).ready(function() {
        
        });
      ]]>
    </scripts>
    
    <!-- custom styles -->
    <styles>
      <![CDATA[
        
      ]]>
    </styles>
  </configuration>
</extentreports>